index	race	incar
31398	Black	NA
30910	Black	NA
28636	Black	NA
30180	Black	NA
27253	Black	1
30834	Black	1
29140	Black	1
34775	Black	NA
33237	Black	NA
32505	Black	NA
32800	Black	1
30647	Black	1
34558	Black	NA
27688	Black	NA
28933	Black	NA
34337	Black	NA
32861	Black	NA
34091	Black	1
26061	Black	NA
24293	Black	NA
27854	Black	1
23613	Black	NA
30750	Black	NA
32307	Black	NA
31694	Black	NA
30883	Black	NA
30190	Black	NA
25838	Black	NA
32557	Black	NA
33375	Black	NA
29259	Black	NA
35048	Black	NA
29210	Black	NA
32413	Black	1
34957	Black	NA
23592	Black	NA
34090	Black	NA
27585	Black	NA
30285	Black	NA
32151	Black	NA
34189	Black	NA
32218	Black	1
34785	Black	NA
26785	Black	1
33534	Black	NA
31526	Black	NA
29605	Black	1
29751	Black	NA
30881	Black	NA
26475	Black	NA
30798	Black	1
24444	Black	NA
30780	Black	NA
26054	Black	NA
34068	Black	NA
23835	Black	NA
32150	Black	1
27903	Black	NA
25819	Black	NA
24995	Black	NA
24941	Black	NA
30340	Black	NA
29396	Black	NA
34951	Black	NA
34064	Black	NA
34762	Black	NA
30416	Black	NA
30990	Black	NA
23583	Black	1
31904	Black	NA
29948	Black	1
31539	Black	NA
26494	Black	NA
30979	Black	NA
34648	Black	NA
26992	Black	NA
33082	Black	NA
25765	Black	1
28867	Black	NA
32545	Black	NA
30382	Black	NA
27672	Black	NA
27951	Black	1
26788	Black	1
29963	Black	1
33677	Black	NA
34069	Black	NA
34313	Black	NA
24881	Black	NA
27026	Black	NA
26414	Black	1
33848	Black	1
23606	Black	NA
24599	Black	NA
31490	Black	1
32081	Black	NA
23116	Black	1
34448	Black	NA
30628	Black	1
30507	Black	NA
31356	Black	NA
31088	Black	NA
30508	Black	NA
28002	Black	NA
29406	Black	1
33699	Black	NA
31444	Black	NA
32888	Black	NA
23819	Black	NA
32570	Black	1
32662	Black	NA
32732	Black	NA
26135	Black	NA
23770	Black	NA
30045	Black	1
32279	Black	NA
26570	Black	1
30109	Black	NA
31917	Black	1
35213	Black	1
28020	Black	NA
32738	Black	1
34889	Black	NA
25192	Black	NA
35163	Black	1
31695	Black	NA
26993	Black	NA
30540	Black	NA
29992	Black	1
32322	Black	1
32638	Black	1
32310	Black	NA
27078	Black	NA
30374	Black	1
16756	White	NA
10055	White	1
6772	White	1
7231	White	1
16918	White	NA
18942	White	NA
15462	White	NA
8628	White	NA
10826	White	NA
5681	White	NA
17304	White	1
19743	White	1
5605	White	1
18360	White	NA
16465	White	NA
20243	White	NA
16335	White	NA
22607	White	NA
12690	White	1
16745	White	1
17455	White	1
2184	White	NA
19500	White	NA
19114	White	NA
13383	White	NA
10765	White	NA
1257	White	NA
9362	White	NA
7400	White	NA
5281	White	NA
19023	White	NA
5163	White	NA
12922	White	NA
14966	White	NA
21317	White	1
2533	White	NA
12050	White	NA
6178	White	NA
9803	White	NA
7923	White	1
5606	White	NA
11985	White	NA
3521	White	NA
13460	White	1
10316	White	NA
12511	White	NA
2690	White	NA
3253	White	NA
13479	White	NA
21944	White	NA
21304	White	1
3373	White	1
11618	White	NA
21761	White	NA
12913	White	NA
22992	White	NA
4472	White	NA
20762	White	NA
8627	White	NA
22017	White	NA
17921	White	NA
3634	White	NA
4649	White	NA
18121	White	NA
5936	White	NA
14452	White	NA
11442	White	NA
14075	White	1
3940	White	NA
14679	White	NA
22065	White	NA
16013	White	1
11619	White	1
12305	White	1
20256	White	1
7900	White	NA
22281	White	NA
1856	White	1
18923	White	1
15092	White	1
7688	White	NA
1442	White	NA
7909	White	NA
22237	White	NA
22825	White	NA
15545	White	1
17448	White	NA
12904	White	1
13609	White	1
7830	White	NA
3051	White	NA
17676	White	NA
9296	White	NA
17829	White	NA
19059	White	1
22718	White	1
2493	White	NA
9550	White	NA
10764	White	NA
7269	White	NA
1082	White	NA
20934	White	NA
18158	White	NA
12577	White	1
10769	White	NA
20265	White	NA
4359	White	1
22780	White	NA
9623	White	NA
12322	White	NA
4466	White	NA
18762	White	1
5688	White	NA
15980	White	NA
9818	White	NA
18801	White	NA
9151	White	NA
2276	White	NA
6680	White	NA
5622	White	NA
18875	White	NA
7911	White	NA
11121	White	NA
1325	White	NA
15891	White	NA
17274	White	1
19358	White	NA
8378	White	1
17418	White	1
2958	White	NA
8253	White	NA
17237	White	NA
16149	White	1
374	White	1
18535	White	NA
8284	White	NA
13517	White	NA
8830	White	NA
16691	White	NA
6716	White	NA
4088	White	1
10395	White	NA
17684	White	NA
13598	White	NA
9621	White	NA
18686	White	NA
6919	White	NA
15895	White	NA
16323	White	NA
4397	White	NA
1331	White	1
21695	White	1
6551	White	NA
5227	White	1
12867	White	1
5383	White	NA
18572	White	NA
14057	White	1
6630	White	1
10241	White	NA
9888	White	1
14591	White	1
2439	White	1
19419	White	1
12260	White	NA
5572	White	NA
10390	White	NA
12664	White	NA
20525	White	NA
3930	White	1
3846	White	NA
19409	White	NA
21796	White	NA
22536	White	1
18933	White	NA
21250	White	NA
20832	White	NA
9979	White	1
2096	White	NA
15384	White	NA
8677	White	NA
8316	White	1
15109	White	NA
8056	White	NA
4173	White	NA
11205	White	NA
19853	White	NA
13669	White	NA
13916	White	1
11257	White	NA
15139	White	1
21820	White	1
9209	White	NA
3057	White	1
16403	White	1
4103	White	NA
2904	White	NA
9064	White	NA
22537	White	NA
10934	White	NA
6032	White	NA
19139	White	NA
21946	White	NA
22064	White	NA
8462	White	1
21672	White	NA
4132	White	1
19289	White	NA
16452	White	NA
14792	White	NA
1072	White	NA
4937	White	1
4258	White	1
11613	White	NA
8105	White	1
21537	White	NA
13393	White	1
17642	White	NA
4610	White	1
8906	White	NA
4119	White	NA
22292	White	1
12347	White	NA
18028	White	1
14092	White	NA
15607	White	1
15107	White	NA
20880	White	1
1161	White	NA
5079	White	1
1058	White	NA
22995	White	NA
18691	White	NA
16046	White	NA
20135	White	NA
8091	White	NA
3862	White	NA
17219	White	NA
18013	White	1
21642	White	1
9306	White	NA
7353	White	NA
12324	White	1
14383	White	NA
14262	White	1
4121	White	1
11900	White	1
16629	White	NA
8257	White	NA
10931	White	NA
16860	White	NA
13019	White	NA
2340	White	1
3115	White	NA
16107	White	1
10038	White	NA
17459	White	1
22763	White	NA
17256	White	NA
12967	White	NA
4773	White	1
7006	White	NA
11269	White	NA
13375	White	NA
20599	White	NA
4153	White	NA
1508	White	NA
1107	White	1
15939	White	NA
20886	White	NA
1063	White	NA
8548	White	1
11623	White	1
17964	White	NA
7262	White	NA
19166	White	NA
11773	White	NA
22552	White	NA
4770	White	1
10981	White	1
12041	White	1
14446	White	NA
4125	White	1
20059	White	NA
2647	White	NA
18184	White	1
2702	White	NA
20015	White	1
5592	White	NA
22362	White	1
6440	White	NA
2865	White	1
20221	White	1
3945	White	NA
6088	White	NA
1896	White	1
19263	White	NA
19854	White	1
4033	White	NA
13994	White	NA
1573	White	NA
5411	White	1
22499	White	1
14102	White	NA
15906	White	NA
17568	White	NA
9252	White	1
21004	White	NA
311	White	NA
20391	White	NA
1542	White	1
5435	White	NA
12993	White	1
5449	White	NA
14099	White	1
10216	White	NA
3873	White	1
16421	White	NA
11665	White	NA
4193	White	1
7501	White	NA
15375	White	NA
13878	White	NA
7410	White	1
11730	White	NA
7799	White	NA
8742	White	NA
6223	White	NA
942	White	NA
20728	White	NA
21517	White	NA
18800	White	1
3135	White	NA
6170	White	NA
20654	White	1
4511	White	NA
10654	White	NA
16852	White	1
12237	White	1
7416	White	NA
3775	White	NA
14575	White	1
11362	White	1
21766	White	NA
3324	White	NA
14358	White	1
7563	White	1
20095	White	1
13500	White	NA
17241	White	1
2576	White	NA
28201	Black	1
30476	Black	NA
26704	Black	1
34921	Black	1
32999	Black	1
25833	Black	1
24342	Black	1
28717	Black	1
27383	Black	NA
32693	Black	1
31027	Black	1
29123	Black	NA
33575	Black	1
24918	Black	NA
31486	Black	NA
32889	Black	NA
32175	Black	1
34198	Black	NA
27267	Black	NA
25804	Black	NA
32096	Black	NA
33619	Black	1
31816	Black	NA
33233	Black	NA
29214	Black	NA
28166	Black	NA
32097	Black	1
23590	Black	1
31802	Black	NA
31511	Black	1
31484	Black	NA
31551	Black	1
23978	Black	1
25929	Black	NA
34933	Black	1
31123	Black	1
29698	Black	NA
30140	Black	1
24336	Black	NA
28095	Black	1
33505	Black	NA
24196	Black	1
27129	Black	NA
24948	Black	NA
25005	Black	1
24125	Black	NA
25026	Black	NA
28938	Black	NA
27580	Black	NA
28131	Black	1
23055	Black	1
31239	Black	1
26965	Black	NA
28648	Black	NA
23809	Black	NA
24755	Black	1
28802	Black	1
32315	Black	1
23219	Black	1
33951	Black	NA
31483	Black	1
30747	Black	NA
30601	Black	1
33809	Black	NA
33894	Black	NA
30695	Black	1
29559	Black	1
29917	Black	1
32317	Black	NA
33239	Black	NA
26735	Black	NA
28136	Black	NA
29319	Black	1
26789	Black	NA
25650	Black	1
25100	Black	1
28791	Black	1
26443	Black	1
27790	Black	1
34107	Black	NA
33972	Black	NA
35211	Black	1
27829	Black	NA
26211	Black	1
33535	Black	1
34082	Black	1
24565	Black	NA
24129	Black	NA
33681	Black	NA
35216	Black	NA
28743	Black	1
30433	Black	1
28278	Black	NA
33832	Black	1
25260	Black	1
33450	Black	NA
25858	Black	NA
24920	Black	NA
23544	Black	1
31614	Black	1
33630	Black	1
26575	Black	1
29113	Black	1
27468	Black	NA
32470	Black	1
27376	Black	1
34289	Black	NA
30689	Black	1
30019	Black	1
34197	Black	1
28194	Black	NA
25084	Black	1
30154	Black	1
29543	Black	1
30642	Black	NA
31868	Black	1
24531	Black	1
28327	Black	1
30636	Black	1
27752	Black	1
26753	Black	1
34531	Black	1
32815	Black	1
34382	Black	1
31821	Black	NA
28378	Black	NA
34139	Black	NA
26619	Black	1
29173	Black	1
29365	Black	1
30908	Black	1
29446	Black	1
27613	Black	1
29334	Black	1
27978	Black	1
25135	Black	1
33950	Black	1
34120	Black	NA
26121	Black	NA
29184	Black	NA
27560	Black	1
30665	Black	NA
25474	Black	1
31112	Black	NA
30150	Black	1
29266	Black	NA
26812	Black	NA
34293	Black	NA
31884	Black	NA
32160	Black	NA
25344	Black	NA
29739	Black	NA
25533	Black	NA
25661	Black	1
26524	Black	1
29541	Black	NA
31479	Black	NA
28196	Black	1
32181	Black	1
23907	Black	1
32891	Black	1
33040	Black	NA
34168	Black	1
31707	Black	NA
24288	Black	1
23921	Black	NA
31703	Black	NA
26948	Black	NA
26148	Black	NA
31725	Black	1
34241	Black	NA
30935	Black	1
31863	Black	NA
26020	Black	NA
29056	Black	1
32882	Black	1
34106	Black	NA
26238	Black	1
33967	Black	NA
30856	Black	1
25901	Black	1
24212	Black	1
32009	Black	1
31050	Black	1
32706	Black	1
28698	Black	1
23316	Black	1
32672	Black	1
29263	Black	1
28099	Black	1
32761	Black	NA
28851	Black	1
33295	Black	1
26767	Black	NA
23652	Black	1
33514	Black	1
31177	Black	1
29563	Black	1
31869	Black	1
27476	Black	1
23789	Black	1
30185	Black	NA
24809	Black	NA
25964	Black	NA
27312	Black	1
28472	Black	NA
32859	Black	1
26432	Black	1
28370	Black	1
26586	Black	NA
25521	Black	1
28005	Black	1
31912	Black	1
30516	Black	NA
26288	Black	1
31978	Black	NA
29972	Black	1
31047	Black	NA
28398	Black	1
30399	Black	NA
29913	Black	NA
25069	Black	1
34588	Black	1
30405	Black	1
27139	Black	NA
30242	Black	NA
34908	Black	1
27571	Black	NA
29945	Black	NA
28360	Black	NA
24192	Black	1
28870	Black	1
27447	Black	1
30909	Black	1
29789	Black	1
27705	Black	1
29209	Black	1
32224	Black	1
35221	Black	NA
27289	Black	1
26290	Black	1
23260	Black	1
25266	Black	NA
25363	Black	NA
28384	Black	1
26943	Black	1
28985	Black	NA
31367	Black	1
34992	Black	1
27991	Black	1
23673	Black	1
30621	Black	1
23637	Black	1
24417	Black	1
29971	Black	1
26556	Black	1
35032	Black	1
31347	Black	1
31602	Black	NA
26152	Black	1
34828	Black	1
28767	Black	NA
23100	Black	1
27527	Black	1
28372	Black	1
31760	Black	NA
34986	Black	1
25547	Black	1
23715	Black	NA
30978	Black	1
29651	Black	1
23321	Black	1
23111	Black	1
24396	Black	NA
29342	Black	1
25254	Black	NA
24775	Black	1
23098	Black	NA
29430	Black	NA
23818	Black	1
34075	Black	1
34171	Black	NA
23578	Black	1
34363	Black	1
24276	Black	NA
23305	Black	NA
28848	Black	1
28306	Black	1
34385	Black	NA
34726	Black	1
25242	Black	NA
23407	Black	NA
28531	Black	1
33579	Black	NA
25027	Black	1
28426	Black	NA
35082	Black	1
24664	Black	NA
24412	Black	NA
24285	Black	1
28374	Black	NA
31114	Black	NA
25298	Black	NA
24489	Black	1
29876	Black	NA
28041	Black	NA
26112	Black	NA
26095	Black	NA
29477	Black	NA
28959	Black	NA
33422	Black	1
32016	Black	NA
31466	Black	NA
29083	Black	1
23105	Black	1
32046	Black	1
32184	Black	NA
27639	Black	1
33006	Black	NA
23912	Black	1
26915	Black	1
31569	Black	NA
34483	Black	1
34251	Black	NA
26652	Black	1
25943	Black	NA
25374	Black	1
34087	Black	NA
26318	Black	NA
30986	Black	NA
30546	Black	NA
30482	Black	1
33156	Black	NA
24112	Black	1
29622	Black	1
26574	Black	NA
25695	Black	1
31601	Black	1
31472	Black	NA
26072	Black	1
23436	Black	1
33718	Black	1
24993	Black	1
34496	Black	NA
23538	Black	1
24011	Black	1
33331	Black	NA
30885	Black	1
29513	Black	NA
30829	Black	NA
30541	Black	NA
30441	Black	NA
33493	Black	NA
29984	Black	1
34206	Black	NA
30384	Black	NA
32984	Black	NA
23892	Black	1
25905	Black	NA
33373	Black	NA
27309	Black	NA
25702	Black	1
23155	Black	1
28356	Black	NA
29462	Black	NA
27456	Black	1
24901	Black	NA
23308	Black	1
32293	Black	1
31857	Black	NA
34733	Black	NA
23516	Black	NA
30831	Black	NA
30522	Black	NA
29226	Black	1
23281	Black	1
23099	Black	1
25211	Black	NA
27518	Black	NA
24231	Black	1
23070	Black	NA
24301	Black	NA
27148	Black	NA
33911	Black	1
31518	Black	1
25907	Black	1
24639	Black	1
24250	Black	1
34248	Black	1
24260	Black	NA
32841	Black	1
32045	Black	NA
31859	Black	1
26679	Black	1
34172	Black	NA
24500	Black	1
32562	Black	NA
25922	Black	1
32193	Black	1
32686	Black	NA
29886	Black	NA
32805	Black	1
34431	Black	NA
25234	Black	1
32130	Black	NA
31217	Black	1
27176	Black	1
33592	Black	1
28919	Black	NA
30132	Black	1
27260	Black	NA
28784	Black	1
29059	Black	NA
34896	Black	1
28508	Black	1
32997	Black	NA
32910	Black	1
23378	Black	NA
27876	Black	1
32539	Black	1
30996	Black	NA
31771	Black	1
25797	Black	1
35178	Black	NA
31248	Black	1
24239	Black	NA
25884	Black	1
23459	Black	1
26616	Black	NA
24414	Black	NA
23891	Black	NA
34544	Black	1
25235	Black	NA
28340	Black	NA
33205	Black	NA
29989	Black	NA
32311	Black	NA
25250	Black	NA
31550	Black	NA
34585	Black	NA
30209	Black	NA
23985	Black	NA
23780	Black	1
23798	Black	1
26185	Black	NA
29918	Black	NA
26633	Black	NA
30344	Black	NA
23413	Black	1
32844	Black	1
29591	Black	1
29973	Black	NA
32978	Black	NA
30852	Black	NA
34747	Black	1
27699	Black	1
34632	Black	NA
28147	Black	1
32948	Black	NA
31048	Black	1
34220	Black	NA
24083	Black	NA
33823	Black	1
11063	White	NA
5809	White	NA
22956	White	1
16486	White	NA
11861	White	NA
11727	White	NA
21607	White	NA
16478	White	1
17757	White	NA
496	White	1
778	White	1
2666	White	NA
10352	White	1
15654	White	NA
8027	White	1
5342	White	NA
3497	White	1
20354	White	NA
9098	White	NA
9203	White	NA
5495	White	NA
8281	White	1
9844	White	NA
18190	White	NA
15117	White	NA
17158	White	1
8349	White	NA
22764	White	NA
19824	White	1
18471	White	NA
16265	White	NA
47	White	1
13221	White	1
3252	White	NA
5864	White	NA
12153	White	NA
14719	White	NA
7898	White	NA
22398	White	NA
15273	White	1
8149	White	NA
17801	White	NA
2125	White	1
5523	White	NA
3548	White	NA
1620	White	1
6342	White	NA
13451	White	1
6720	White	1
6071	White	NA
4526	White	NA
19524	White	1
2191	White	1
3167	White	NA
1131	White	1
4303	White	1
20144	White	NA
3404	White	NA
22749	White	NA
1979	White	1
20718	White	NA
11572	White	NA
3839	White	NA
4735	White	NA
1734	White	1
12472	White	1
15510	White	1
19762	White	NA
15620	White	NA
8013	White	NA
3685	White	NA
10562	White	1
2284	White	1
18037	White	1
8034	White	NA
12808	White	NA
7122	White	NA
17978	White	NA
316	White	NA
10459	White	NA
16437	White	NA
8552	White	NA
20375	White	NA
9006	White	1
3632	White	NA
21462	White	NA
17826	White	1
11218	White	1
19779	White	1
18185	White	NA
7055	White	1
18196	White	NA
13865	White	NA
14286	White	NA
22400	White	1
2845	White	1
22074	White	NA
22670	White	NA
10804	White	1
21667	White	1
20611	White	NA
7696	White	NA
4492	White	1
784	White	1
682	White	1
10742	White	1
6626	White	NA
12650	White	1
22735	White	1
7614	White	NA
13229	White	NA
17614	White	1
3105	White	NA
20205	White	NA
19675	White	NA
17309	White	1
1840	White	NA
2983	White	NA
7257	White	NA
5081	White	NA
1753	White	1
8001	White	1
11185	White	1
18878	White	1
8258	White	NA
20137	White	1
6393	White	NA
17319	White	NA
1791	White	NA
16146	White	1
17458	White	NA
6814	White	NA
21936	White	NA
14922	White	1
6439	White	NA
17075	White	1
9531	White	1
11686	White	1
20506	White	NA
4302	White	1
18750	White	NA
22830	White	NA
3358	White	NA
17475	White	1
15675	White	NA
8573	White	NA
2394	White	1
7314	White	1
4328	White	NA
17743	White	NA
9194	White	1
8550	White	NA
7606	White	NA
17711	White	1
21713	White	NA
1578	White	1
3462	White	1
19151	White	1
12194	White	NA
17751	White	NA
3232	White	1
11324	White	1
7268	White	NA
4919	White	1
13822	White	NA
7884	White	NA
16867	White	1
19044	White	NA
1507	White	1
12317	White	NA
22486	White	1
9134	White	1
18297	White	1
484	White	NA
16778	White	NA
20313	White	1
22235	White	NA
14698	White	NA
10332	White	1
5997	White	NA
20101	White	NA
13455	White	1
10722	White	NA
9628	White	NA
17767	White	1
14233	White	NA
10184	White	NA
5951	White	NA
15075	White	NA
14406	White	NA
11267	White	NA
20306	White	NA
5459	White	NA
22993	White	1
19149	White	NA
10275	White	NA
20799	White	1
6854	White	NA
14957	White	NA
2210	White	NA
5010	White	NA
18811	White	NA
1182	White	1
20166	White	NA
18698	White	1
16617	White	1
4644	White	NA
15228	White	1
5582	White	NA
13512	White	NA
7573	White	1
16776	White	1
19755	White	NA
8600	White	NA
15594	White	1
1472	White	1
4079	White	NA
12202	White	NA
12373	White	1
4600	White	1
15751	White	NA
19497	White	NA
4122	White	NA
5272	White	1
22070	White	NA
11297	White	NA
14765	White	NA
1038	White	NA
2648	White	1
2832	White	1
15368	White	NA
3277	White	NA
14892	White	NA
3974	White	NA
5611	White	NA
13888	White	1
3356	White	NA
11831	White	1
1552	White	1
5018	White	NA
12195	White	NA
17236	White	1
13140	White	NA
6856	White	NA
19954	White	NA
15624	White	1
4632	White	NA
4698	White	1
11885	White	1
9472	White	NA
19829	White	NA
21204	White	1
22236	White	NA
11199	White	1
21034	White	1
13747	White	NA
12784	White	NA
7618	White	1
10036	White	1
1720	White	1
17630	White	NA
22783	White	NA
15486	White	NA
18212	White	NA
1440	White	NA
6729	White	NA
16082	White	NA
7999	White	NA
6000	White	NA
21969	White	1
155	White	1
12545	White	NA
8251	White	NA
4703	White	NA
17119	White	NA
7947	White	NA
16145	White	NA
13414	White	1
11154	White	NA
19446	White	NA
7604	White	NA
2956	White	NA
22177	White	1
6419	White	NA
42	White	1
13998	White	1
6571	White	NA
21702	White	1
14467	White	NA
2971	White	NA
13275	White	1
10640	White	NA
18848	White	1
16163	White	NA
17798	White	NA
18618	White	NA
15353	White	1
9315	White	NA
13339	White	NA
4509	White	1
205	White	1
19798	White	NA
12622	White	NA
20020	White	1
19680	White	NA
5297	White	1
514	White	1
2121	White	1
21890	White	NA
22397	White	1
16125	White	1
13594	White	1
1751	White	1
16981	White	1
14123	White	1
15303	White	1
16460	White	NA
18201	White	1
19091	White	NA
21993	White	NA
15258	White	NA
19453	White	NA
9676	White	1
21782	White	NA
2931	White	NA
19371	White	1
9665	White	NA
5537	White	NA
13805	White	NA
22291	White	1
1531	White	NA
7183	White	NA
20721	White	NA
2286	White	NA
21053	White	1
12447	White	NA
2430	White	1
20979	White	NA
5789	White	NA
9552	White	NA
1874	White	NA
16397	White	1
3218	White	NA
8321	White	NA
3663	White	NA
20815	White	NA
22974	White	1
19237	White	1
13990	White	1
15880	White	NA
17021	White	NA
12606	White	NA
14644	White	NA
22217	White	NA
10698	White	1
1568	White	NA
16861	White	1
6675	White	NA
19476	White	NA
12617	White	1
12020	White	1
10190	White	NA
2660	White	NA
11419	White	1
6229	White	NA
18406	White	1
3740	White	NA
6048	White	NA
12199	White	NA
22955	White	NA
17888	White	NA
16836	White	NA
13771	White	NA
19709	White	NA
2173	White	1
6040	White	1
12714	White	NA
17349	White	NA
239	White	1
18199	White	NA
20701	White	NA
12185	White	1
18312	White	NA
8950	White	1
3726	White	NA
12679	White	1
6631	White	NA
13175	White	1
6597	White	NA
17998	White	1
9441	White	NA
10380	White	NA
1668	White	NA
8801	White	1
9088	White	1
19555	White	NA
3332	White	NA
18183	White	NA
9232	White	1
18076	White	1
11372	White	NA
20420	White	1
415	White	1
3975	White	NA
14605	White	NA
4411	White	1
19392	White	1
19214	White	NA
9608	White	1
14339	White	NA
12201	White	1
17753	White	NA
19630	White	NA
21679	White	1
7686	White	NA
22301	White	1
2551	White	NA
8120	White	1
22579	White	NA
3551	White	1
14481	White	NA
15363	White	NA
12444	White	1
2585	White	NA
9840	White	NA
2809	White	1
21016	White	1
11810	White	1
21875	White	NA
1120	White	NA
17422	White	NA
11171	White	NA
4286	White	1
11264	White	NA
14703	White	NA
19017	White	NA
2261	White	NA
4744	White	1
9238	White	1
5468	White	NA
9972	White	1
9073	White	NA
9553	White	NA
1624	White	1
22739	White	NA
4223	White	1
3266	White	1
8944	White	1
15735	White	1
16482	White	1
11840	White	1
9591	White	NA
1465	White	1
8351	White	1
18849	White	1
15233	White	1
22366	White	1
13013	White	NA
5703	White	NA
7286	White	1
20266	White	NA
18311	White	1
834	White	NA
693	White	1
21673	White	NA
12629	White	NA
18273	White	NA
6230	White	1
9292	White	1
19967	White	NA
18904	White	NA
17393	White	NA
2464	White	NA
10601	White	NA
510	White	1
22655	White	NA
8737	White	NA
13	White	1
14183	White	NA
10071	White	1
2910	White	NA
5454	White	1
10248	White	NA
14158	White	1
21706	White	NA
13288	White	NA
16348	White	NA
12824	White	NA
18734	White	NA
6722	White	NA
19489	White	1
6865	White	NA
2874	White	NA
14024	White	1
3875	White	NA
16601	White	1
16053	White	NA
6809	White	NA
13789	White	NA
1884	White	1
16856	White	NA
13404	White	1
6110	White	NA
9447	White	NA
15133	White	NA
13675	White	1
20241	White	NA
12518	White	NA
17750	White	NA
1897	White	NA
20164	White	NA
3326	White	1
16926	White	NA
16453	White	NA
18464	White	1
5484	White	NA
3587	White	1
4305	White	NA
9218	White	NA
7828	White	NA
15909	White	1
13770	White	1
2429	White	1
564	White	1
10292	White	1
8256	White	NA
9404	White	1
442	White	NA
22775	White	1
20292	White	NA
4142	White	NA
15475	White	NA
3584	White	NA
20126	White	1
2595	White	NA
21571	White	NA
16897	White	NA
3261	White	NA
7899	White	1
15004	White	1
436	White	1
19057	White	1
6602	White	1
10736	White	1
22324	White	NA
449	White	1
11135	White	1
22056	White	NA
5991	White	NA
21708	White	NA
17496	White	NA
14393	White	1
5055	White	NA
20396	White	1
13258	White	1
6014	White	1
809	White	NA
19702	White	1
7585	White	NA
15757	White	1
3693	White	1
19844	White	NA
6398	White	1
13581	White	NA
10793	White	NA
4942	White	1
21873	White	1
11089	White	NA
12984	White	NA
9948	White	1
19075	White	1
20085	White	NA
10970	White	1
19572	White	1
15870	White	NA
17698	White	1
19234	White	NA
13327	White	1
4134	White	1
486	White	1
16930	White	NA
12134	White	NA
1682	White	NA
16086	White	NA
20690	White	NA
13638	White	1
2418	White	NA
3238	White	1
83	White	1
6046	White	1
11016	White	1
14345	White	NA
15427	White	1
5176	White	NA
2332	White	1
2644	White	1
7717	White	NA
5759	White	NA
4084	White	NA
17315	White	NA
692	White	NA
12945	White	NA
11887	White	1
2003	White	1
2728	White	NA
22872	White	NA
20194	White	1
22478	White	NA
17411	White	NA
20448	White	1
822	White	1
13869	White	NA
20966	White	NA
5069	White	NA
21861	White	1
7660	White	1
3360	White	NA
21165	White	1
16513	White	NA
760	White	1
14618	White	1
11712	White	NA
21700	White	NA
4306	White	1
16773	White	1
16795	White	NA
4172	White	1
5447	White	NA
17649	White	1
18452	White	1
18719	White	NA
13984	White	NA
20898	White	NA
18384	White	1
21747	White	1
20405	White	NA
6299	White	1
10905	White	NA
2626	White	1
10907	White	1
17361	White	NA
2924	White	1
3543	White	1
14381	White	NA
20319	White	1
7813	White	1
2657	White	NA
1108	White	1
15163	White	NA
4624	White	1
21567	White	NA
1398	White	1
3401	White	1
16240	White	1
12253	White	NA
12486	White	NA
314	White	1
5179	White	NA
12851	White	NA
11903	White	1
9804	White	NA
4883	White	NA
3072	White	NA
16030	White	NA
21109	White	NA
5536	White	1
10885	White	NA
11978	White	1
17935	White	NA
8026	White	1
20053	White	NA
1044	White	NA
12387	White	1
12688	White	NA
14794	White	1
16874	White	NA
22364	White	NA
9662	White	NA
3264	White	NA
20171	White	NA
6645	White	1
1843	White	1
5819	White	NA
14767	White	NA
11194	White	1
19653	White	1
18541	White	NA
21914	White	NA
4314	White	NA
15882	White	1
6465	White	NA
268	White	1
20988	White	NA
16449	White	1
21963	White	NA
13472	White	NA
6521	White	1
8825	White	NA
14943	White	1
3802	White	NA
976	White	NA
2373	White	1
19706	White	NA
22572	White	1
487	White	1
6025	White	1
14983	White	1
7424	White	1
6480	White	1
1322	White	NA
12193	White	NA
2837	White	NA
17251	White	NA
699	White	1
10484	White	1
13289	White	1
6634	White	1
3178	White	NA
20304	White	1
18483	White	NA
1933	White	1
11140	White	NA
6903	White	NA
14654	White	NA
383	White	1
1070	White	NA
1098	White	1
9925	White	1
9577	White	1
747	White	NA
12012	White	1
11753	White	1
17596	White	NA
9951	White	NA
11663	White	NA
8125	White	NA
22259	White	NA
9966	White	NA
6662	White	1
12166	White	NA
17322	White	NA
19164	White	NA
2699	White	NA
10028	White	NA
6216	White	1
4638	White	NA
10198	White	NA
22157	White	1
6577	White	NA
15226	White	1
4117	White	NA
15897	White	NA
7431	White	1
21618	White	NA
5128	White	NA
21139	White	NA
11901	White	1
1128	White	NA
11431	White	1
10326	White	1
21061	White	NA
12626	White	NA
11275	White	NA
2917	White	NA
19532	White	NA
8532	White	NA
21629	White	NA
21333	White	NA
734	White	NA
20184	White	NA
5234	White	1
13224	White	NA
14001	White	1
15644	White	NA
21251	White	NA
16711	White	NA
21803	White	NA
17534	White	NA
21153	White	NA
814	White	NA
10691	White	NA
17551	White	NA
1463	White	1
6961	White	1
481	White	1
10473	White	1
7394	White	NA
17863	White	NA
14490	White	NA
6624	White	NA
18298	White	1
10823	White	NA
64	White	NA
10174	White	1
5839	White	NA
14972	White	1
7505	White	NA
227	White	1
5475	White	NA
17365	White	NA
17369	White	1
14896	White	1
2409	White	1
22960	White	1
8842	White	NA
2469	White	NA
8153	White	NA
11114	White	NA
13621	White	1
16905	White	1
22051	White	NA
19455	White	NA
12184	White	1
9398	White	1
17285	White	1
17844	White	NA
2776	White	1
10043	White	NA
11685	White	1
9849	White	NA
11270	White	NA
16479	White	1
1658	White	NA
22008	White	NA
913	White	1
22139	White	1
18822	White	NA
11449	White	NA
18349	White	1
1089	White	NA
17200	White	NA
15969	White	NA
14800	White	1
6184	White	NA
1292	White	1
811	White	1
5699	White	NA
10932	White	NA
6331	White	NA
15101	White	1
20875	White	1
13148	White	1
12131	White	NA
17134	White	NA
9434	White	NA
2419	White	1
20384	White	1
898	White	1
871	White	1
21244	White	1
9137	White	NA
17821	White	1
4945	White	1
9781	White	NA
3393	White	NA
1679	White	NA
16689	White	1
22948	White	NA
4499	White	1
100	White	1
22216	White	1
9451	White	NA
11544	White	NA
16493	White	NA
16353	White	NA
15006	White	NA
327	White	1
22371	White	1
6757	White	1
16504	White	NA
12156	White	NA
20867	White	1
1264	White	1
14115	White	1
3481	White	NA
4055	White	1
517	White	1
1828	White	NA
18999	White	1
4368	White	NA
13032	White	NA
22793	White	NA
10757	White	NA
20583	White	NA
3813	White	NA
11231	White	NA
10005	White	NA
12174	White	1
19005	White	NA
3197	White	1
17853	White	NA
19431	White	1
20682	White	NA
18534	White	1
18449	White	NA
10849	White	NA
15157	White	NA
19908	White	1
19240	White	NA
16975	White	1
595	White	1
15431	White	NA
11386	White	NA
7189	White	NA
4098	White	NA
18554	White	NA
13559	White	NA
2517	White	1
12961	White	NA
3600	White	NA
20607	White	NA
4129	White	NA
11311	White	NA
17227	White	NA
21421	White	1
20024	White	NA
7877	White	1
16851	White	NA
3410	White	NA
17239	White	NA
2889	White	1
1478	White	NA
16277	White	NA
2144	White	NA
6825	White	1
14520	White	1
2705	White	1
21455	White	NA
2389	White	NA
1814	White	NA
10732	White	NA
932	White	1
8890	White	1
18442	White	NA
21801	White	1
18043	White	1
17173	White	NA
20276	White	NA
4844	White	NA
9467	White	NA
19425	White	NA
18163	White	NA
15930	White	1
4116	White	NA
14733	White	1
11083	White	NA
3409	White	NA
19815	White	NA
7409	White	NA
18430	White	1
3435	White	NA
1906	White	NA
9924	White	1
20460	White	NA
11501	White	NA
16231	White	1
15760	White	NA
21252	White	NA
22548	White	1
4626	White	1
1490	White	NA
1218	White	NA
3396	White	NA
14329	White	NA
8579	White	NA
4916	White	NA
5430	White	NA
20842	White	NA
14445	White	NA
11312	White	NA
19994	White	1
9040	White	NA
10941	White	NA
10022	White	1
21549	White	NA
22305	White	1
18728	White	NA
5627	White	1
14998	White	NA
14693	White	NA
9616	White	1
16557	White	1
21234	White	NA
14338	White	NA
21380	White	NA
1453	White	1
12900	White	1
2244	White	NA
13389	White	NA
21259	White	NA
16546	White	NA
12848	White	NA
13117	White	NA
14469	White	NA
20422	White	NA
5410	White	1
21309	White	NA
17970	White	1
10338	White	1
17296	White	NA
4500	White	NA
21303	White	1
14167	White	NA
3140	White	NA
6690	White	NA
3390	White	1
543	White	1
11772	White	NA
21272	White	1
22254	White	NA
13830	White	NA
8346	White	NA
12232	White	1
22810	White	1
3642	White	1
10517	White	1
2271	White	1
14559	White	NA
13664	White	NA
20140	White	NA
10160	White	NA
5539	White	1
21512	White	NA
15892	White	1
15696	White	NA
446	White	NA
11180	White	1
11384	White	NA
14462	White	NA
5490	White	1
5897	White	NA
6387	White	NA
20322	White	1
2403	White	NA
14854	White	1
10743	White	NA
15102	White	NA
21213	White	1
20778	White	1
6573	White	NA
3534	White	1
10109	White	1
20504	White	1
10592	White	NA
883	White	1
9740	White	NA
438	White	1
12691	White	1
1572	White	1
3259	White	NA
16769	White	NA
11692	White	1
19819	White	1
2687	White	1
10557	White	NA
15178	White	1
1994	White	NA
13379	White	1
5172	White	NA
13759	White	NA
13901	White	NA
10029	White	1
18757	White	1
11799	White	NA
12239	White	NA
4559	White	1
12536	White	NA
7301	White	1
13435	White	NA
1538	White	NA
4748	White	1
17789	White	NA
6896	White	1
13800	White	NA
1710	White	NA
223	White	NA
5091	White	1
15971	White	NA
5304	White	NA
5663	White	NA
2113	White	NA
19138	White	NA
19314	White	NA
5984	White	NA
14227	White	1
4083	White	NA
11660	White	NA
7936	White	NA
16535	White	NA
11272	White	1
21776	White	NA
20470	White	NA
3302	White	1
22564	White	1
19715	White	1
29478	Black	NA
31446	Black	NA
31409	Black	NA
24256	Black	NA
33708	Black	NA
24939	Black	NA
33416	Black	NA
30288	Black	NA
33197	Black	1
29395	Black	NA
34019	Black	NA
29143	Black	NA
34065	Black	NA
34941	Black	NA
33582	Black	1
32385	Black	NA
34634	Black	NA
30848	Black	1
30936	Black	NA
28319	Black	1
34737	Black	1
26333	Black	1
24501	Black	1
28397	Black	NA
29637	Black	NA
27534	Black	1
33010	Black	NA
27557	Black	NA
24742	Black	1
27198	Black	NA
30962	Black	NA
24833	Black	1
27102	Black	NA
31399	Black	1
28949	Black	1
29794	Black	1
34542	Black	NA
30070	Black	NA
33334	Black	1
32139	Black	NA
30104	Black	1
27874	Black	1
27704	Black	1
29662	Black	NA
23697	Black	NA
28834	Black	NA
29779	Black	1
30606	Black	NA
35149	Black	NA
28424	Black	1
29869	Black	NA
28461	Black	NA
30564	Black	NA
32663	Black	1
25985	Black	1
25511	Black	NA
30611	Black	1
24055	Black	NA
23376	Black	1
31822	Black	NA
34706	Black	1
31883	Black	NA
25614	Black	NA
34057	Black	NA
23968	Black	NA
24571	Black	1
27877	Black	NA
28953	Black	NA
31967	Black	NA
30921	Black	NA
34985	Black	1
35131	Black	NA
23895	Black	1
34179	Black	1
34460	Black	1
25583	Black	NA
25951	Black	NA
31553	Black	NA
26988	Black	1
32971	Black	NA
28582	Black	1
1481	White	1
6957	White	NA
11214	White	NA
4829	White	1
9380	White	1
3003	White	NA
14890	White	1
10780	White	NA
4508	White	NA
17113	White	1
2974	White	NA
3967	White	NA
4630	White	NA
14580	White	1
14898	White	1
3818	White	NA
22436	White	NA
18227	White	1
19628	White	1
8214	White	NA
22634	White	NA
17811	White	NA
16188	White	NA
12799	White	NA
12936	White	NA
11092	White	1
10220	White	1
21712	White	NA
4282	White	NA
14547	White	NA
4127	White	1
18307	White	1
14283	White	NA
12287	White	NA
4503	White	NA
18152	White	1
3513	White	NA
4911	White	NA
12819	White	NA
6952	White	1
8895	White	1
22883	White	NA
8501	White	1
17222	White	NA
12128	White	NA
6958	White	NA
2990	White	NA
16729	White	NA
23004	White	1
2981	White	NA
9604	White	1
12827	White	NA
16157	White	1
10520	White	NA
5257	White	NA
9651	White	1
5707	White	NA
10580	White	NA
2563	White	NA
14378	White	NA
5992	White	1
19922	White	NA
1491	White	1
6674	White	NA
17974	White	NA
10846	White	NA
5883	White	NA
6197	White	NA
12950	White	NA
22702	White	NA
8718	White	NA
2598	White	1
17395	White	1
10053	White	NA
16687	White	NA
8326	White	1
17653	White	NA
8857	White	NA
16213	White	NA
4838	White	NA
15758	White	NA
16462	White	NA
10480	White	NA
8260	White	NA
13538	White	NA
20594	White	NA
5757	White	NA
17277	White	NA
22435	White	NA
1972	White	NA
21911	White	NA
8156	White	1
14630	White	NA
2260	White	1
12164	White	NA
16313	White	NA
16803	White	1
12015	White	NA
21693	White	1
16726	White	1
19429	White	NA
14420	White	NA
10321	White	1
2020	White	1
19625	White	NA
11937	White	NA
18687	White	NA
11157	White	NA
9409	White	NA
3241	White	NA
15360	White	NA
15091	White	1
20606	White	NA
21246	White	NA
12301	White	NA
19604	White	NA
18556	White	NA
710	White	1
19577	White	NA
12954	White	NA
16066	White	NA
7957	White	NA
3225	White	1
16772	White	1
22850	White	1
12081	White	1
9185	White	1
22828	White	1
10475	White	1
16789	White	1
2676	White	NA
10574	White	1
18425	White	1
678	White	1
22327	White	NA
6473	White	NA
14706	White	1
20668	White	NA
4973	White	1
20944	White	NA
22648	White	NA
11871	White	1
8433	White	NA
926	White	1
5806	White	1
7942	White	NA
17283	White	1
15242	White	1
12533	White	NA
13693	White	1
4957	White	NA
5548	White	NA
7133	White	NA
9508	White	NA
6632	White	NA
2623	White	1
1448	White	NA
22080	White	NA
19991	White	NA
17383	White	NA
6073	White	NA
3805	White	1
8622	White	NA
16128	White	NA
9305	White	NA
17299	White	1
20943	White	NA
3127	White	NA
9412	White	NA
12235	White	NA
1555	White	NA
27033	Black	1
32854	Black	1
34956	Black	1
25867	Black	1
32075	Black	1
33735	Black	1
32074	Black	1
31635	Black	1
27736	Black	1
33347	Black	NA
32419	Black	1
25452	Black	NA
34876	Black	1
27011	Black	NA
27611	Black	1
33770	Black	1
34858	Black	1
32554	Black	NA
33442	Black	NA
29179	Black	1
31012	Black	1
26860	Black	NA
31355	Black	1
25757	Black	NA
31642	Black	NA
24521	Black	1
28660	Black	1
33430	Black	1
24574	Black	1
28032	Black	1
33206	Black	1
34003	Black	1
28019	Black	NA
24128	Black	1
31596	Black	NA
25231	Black	1
28893	Black	NA
31460	Black	NA
31445	Black	1
30934	Black	NA
23154	Black	1
28523	Black	1
30487	Black	1
28093	Black	1
29124	Black	1
33398	Black	1
26604	Black	NA
24923	Black	1
31609	Black	NA
27913	Black	NA
32172	Black	1
26800	Black	NA
27354	Black	NA
29247	Black	NA
24618	Black	NA
31185	Black	1
32513	Black	1
26190	Black	NA
35141	Black	NA
27307	Black	NA
24525	Black	1
28259	Black	NA
34967	Black	1
28142	Black	1
32381	Black	NA
33277	Black	1
31963	Black	NA
30561	Black	1
33485	Black	1
31584	Black	NA
28775	Black	NA
32705	Black	NA
27063	Black	NA
24072	Black	NA
30062	Black	1
26510	Black	1
35154	Black	1
28199	Black	1
35006	Black	NA
31936	Black	1
28934	Black	1
34095	Black	1
31698	Black	NA
29376	Black	1
30797	Black	NA
29008	Black	NA
27116	Black	1
30042	Black	NA
28639	Black	NA
25822	Black	1
30277	Black	1
34304	Black	NA
34647	Black	NA
34698	Black	NA
32939	Black	1
34505	Black	1
29783	Black	1
26668	Black	1
30030	Black	NA
26645	Black	1
24376	Black	1
30498	Black	1
35134	Black	NA
32746	Black	1
29110	Black	NA
29429	Black	1
28317	Black	NA
27515	Black	NA
30274	Black	1
30736	Black	NA
25067	Black	1
25504	Black	1
24910	Black	NA
30485	Black	NA
25623	Black	1
31554	Black	NA
35159	Black	NA
32188	Black	1
33271	Black	1
26371	Black	1
28073	Black	1
25794	Black	1
30188	Black	NA
33407	Black	1
32558	Black	NA
30634	Black	1
32416	Black	NA
29117	Black	1
25626	Black	1
26516	Black	NA
34151	Black	NA
28538	Black	NA
26289	Black	1
29380	Black	NA
29784	Black	NA
29051	Black	1
23966	Black	1
29755	Black	NA
26048	Black	NA
33110	Black	1
23713	Black	1
28451	Black	NA
32881	Black	1
32444	Black	NA
27561	Black	1
27498	Black	NA
30114	Black	NA
27972	Black	1
33698	Black	NA
31291	Black	1
27775	Black	1
30022	Black	1
32596	Black	1
32795	Black	1
28666	Black	1
34592	Black	1
31953	Black	NA
25206	Black	1
26019	Black	NA
30519	Black	NA
26626	Black	NA
27738	Black	1
32438	Black	1
26340	Black	NA
30897	Black	NA
28612	Black	1
29619	Black	NA
24733	Black	1
28874	Black	NA
28174	Black	1
28468	Black	1
32673	Black	1
24972	Black	NA
28723	Black	NA
33833	Black	NA
23844	Black	NA
32721	Black	1
23834	Black	1
25336	Black	1
25991	Black	1
33312	Black	1
31234	Black	1
26323	Black	1
26463	Black	NA
28878	Black	1
23485	Black	NA
24806	Black	NA
25651	Black	NA
34317	Black	NA
27766	Black	1
34452	Black	1
29769	Black	1
27769	Black	1
26110	Black	1
33482	Black	NA
33528	Black	NA
29362	Black	1
33646	Black	NA
26862	Black	1
23315	Black	1
32626	Black	1
32306	Black	NA
30558	Black	NA
27439	Black	1
31505	Black	1
29115	Black	NA
32294	Black	1
30520	Black	NA
28774	Black	1
28078	Black	NA
27605	Black	NA
31025	Black	1
27599	Black	1
34033	Black	1
24110	Black	1
32083	Black	1
25388	Black	1
34142	Black	1
33226	Black	1
24508	Black	NA
29572	Black	1
34146	Black	NA
34024	Black	1
30313	Black	1
32001	Black	1
25244	Black	NA
30168	Black	1
24943	Black	1
26783	Black	NA
26438	Black	NA
28854	Black	1
23837	Black	1
30456	Black	1
28483	Black	NA
33705	Black	NA
25367	Black	1
24496	Black	1
31028	Black	1
33336	Black	NA
29121	Black	1
33254	Black	1
32716	Black	NA
33877	Black	1
34309	Black	NA
23698	Black	1
30211	Black	1
24971	Black	NA
25689	Black	1
33959	Black	1
33574	Black	NA
26339	Black	NA
33439	Black	1
28410	Black	1
33499	Black	NA
24472	Black	1
25006	Black	1
27565	Black	NA
31014	Black	1
29519	Black	NA
30409	Black	1
25631	Black	1
29511	Black	1
23570	Black	1
25669	Black	1
29029	Black	NA
30776	Black	1
29217	Black	1
26711	Black	NA
28691	Black	1
31118	Black	NA
33867	Black	NA
23183	Black	NA
30889	Black	NA
34813	Black	1
24921	Black	1
24402	Black	NA
26296	Black	1
24009	Black	NA
25823	Black	1
31594	Black	1
32730	Black	1
24113	Black	NA
31830	Black	1
23286	Black	1
30845	Black	1
33350	Black	NA
31133	Black	NA
24383	Black	1
28203	Black	NA
31794	Black	1
34170	Black	NA
23642	Black	1
24551	Black	1
24528	Black	NA
32480	Black	1
23400	Black	NA
26034	Black	NA
28728	Black	NA
32169	Black	1
31126	Black	NA
28231	Black	1
30774	Black	1
24373	Black	1
31942	Black	NA
31740	Black	NA
26579	Black	1
27009	Black	1
24186	Black	NA
24676	Black	NA
29606	Black	1
26136	Black	1
33657	Black	NA
26852	Black	NA
33721	Black	1
35148	Black	1
30714	Black	NA
27907	Black	1
30608	Black	NA
34103	Black	NA
33522	Black	NA
32658	Black	NA
24902	Black	1
30624	Black	1
34080	Black	1
27496	Black	NA
25505	Black	NA
25717	Black	1
29204	Black	NA
30152	Black	1
29672	Black	1
27616	Black	1
34469	Black	1
25850	Black	NA
35156	Black	NA
32027	Black	NA
23852	Black	1
31095	Black	1
34411	Black	1
32003	Black	NA
23401	Black	1
34130	Black	NA
26214	Black	1
28228	Black	1
26087	Black	NA
23617	Black	1
34818	Black	1
23251	Black	1
23416	Black	1
24591	Black	NA
25050	Black	NA
32028	Black	1
28279	Black	NA
29009	Black	1
27417	Black	NA
23296	Black	1
30658	Black	NA
33908	Black	1
27916	Black	1
28981	Black	1
31783	Black	1
27212	Black	1
23153	Black	NA
29802	Black	NA
29697	Black	NA
34481	Black	1
24047	Black	NA
23591	Black	1
26901	Black	1
31242	Black	NA
24635	Black	1
30865	Black	1
25741	Black	NA
31246	Black	1
31661	Black	1
27054	Black	1
28786	Black	1
32906	Black	NA
30870	Black	1
32239	Black	1
31229	Black	1
34354	Black	NA
23071	Black	1
30120	Black	1
30649	Black	1
34340	Black	1
26713	Black	1
24233	Black	1
23866	Black	NA
35169	Black	1
34051	Black	NA
34749	Black	1
23344	Black	1
31979	Black	1
26622	Black	1
29645	Black	NA
32495	Black	1
23451	Black	1
28242	Black	1
31440	Black	1
28534	Black	NA
31852	Black	1
26360	Black	NA
27633	Black	NA
24184	Black	NA
26565	Black	NA
30510	Black	NA
23064	Black	1
34365	Black	1
24989	Black	NA
34856	Black	NA
34727	Black	NA
25241	Black	1
23041	Black	1
34961	Black	NA
25566	Black	1
32240	Black	NA
26643	Black	1
23284	Black	1
31134	Black	1
28200	Black	NA
23095	Black	1
32281	Black	1
33581	Black	NA
32034	Black	1
27506	Black	1
25983	Black	1
31295	Black	1
34784	Black	NA
28079	Black	NA
23356	Black	1
31144	Black	1
27733	Black	1
31223	Black	NA
23360	Black	NA
26492	Black	1
31211	Black	NA
24615	Black	NA
27902	Black	1
27047	Black	NA
23858	Black	1
33225	Black	1
34040	Black	NA
27053	Black	1
24106	Black	NA
34077	Black	NA
26848	Black	NA
27500	Black	1
30339	Black	NA
30626	Black	1
25682	Black	1
30602	Black	NA
24087	Black	1
32292	Black	1
30352	Black	1
26311	Black	NA
30028	Black	1
27936	Black	1
23468	Black	1
34569	Black	NA
27763	Black	1
33819	Black	1
24091	Black	NA
31546	Black	1
34596	Black	1
34507	Black	NA
35013	Black	NA
31820	Black	NA
23042	Black	1
25308	Black	1
34031	Black	1
29685	Black	1
28031	Black	1
30425	Black	1
31388	Black	1
30299	Black	1
24880	Black	1
30577	Black	1
28431	Black	NA
23029	Black	1
30054	Black	NA
33043	Black	NA
34422	Black	NA
30358	Black	1
30248	Black	1
33662	Black	NA
33944	Black	NA
33633	Black	1
32137	Black	1
24814	Black	1
28889	Black	NA
33596	Black	1
25377	Black	NA
24227	Black	NA
23596	Black	NA
32508	Black	NA
23945	Black	NA
26208	Black	1
30855	Black	1
27085	Black	NA
27396	Black	NA
29471	Black	1
32908	Black	1
26939	Black	1
28331	Black	1
35113	Black	NA
28526	Black	1
34719	Black	1
32263	Black	NA
26957	Black	NA
32308	Black	NA
29735	Black	NA
31324	Black	1
32722	Black	1
26420	Black	1
31803	Black	1
25835	Black	NA
25215	Black	NA
34960	Black	1
29537	Black	NA
34227	Black	1
27285	Black	NA
23384	Black	NA
33824	Black	NA
23554	Black	1
29675	Black	1
26987	Black	1
23733	Black	1
33236	Black	NA
26105	Black	NA
28525	Black	1
30899	Black	NA
33105	Black	NA
30008	Black	1
30672	Black	NA
23588	Black	1
33007	Black	NA
24805	Black	1
23275	Black	1
30625	Black	NA
29433	Black	NA
25918	Black	1
28458	Black	1
33370	Black	1
23329	Black	NA
16805	White	NA
12125	White	1
19523	White	NA
16713	White	1
14208	White	1
955	White	NA
7600	White	1
19163	White	NA
9473	White	NA
14192	White	1
22447	White	NA
3707	White	NA
17699	White	NA
21158	White	1
1754	White	NA
2379	White	NA
19956	White	NA
9008	White	1
7140	White	1
15493	White	1
1249	White	NA
14860	White	NA
10632	White	NA
18124	White	NA
19454	White	NA
1220	White	NA
9973	White	NA
9890	White	1
22721	White	NA
15125	White	1
13421	White	NA
2948	White	NA
7359	White	1
1644	White	NA
19589	White	1
6425	White	NA
5863	White	NA
19584	White	NA
22043	White	1
15552	White	1
13667	White	NA
15702	White	1
18106	White	NA
18670	White	1
2031	White	1
5630	White	NA
18001	White	1
21448	White	NA
14493	White	NA
18288	White	1
10148	White	1
20598	White	NA
20115	White	NA
16909	White	NA
21665	White	NA
4052	White	NA
6190	White	1
22917	White	1
3444	White	1
5133	White	1
20296	White	1
19346	White	1
22996	White	1
18707	White	NA
6044	White	1
12512	White	1
19342	White	NA
20477	White	1
26	White	NA
22206	White	NA
4148	White	1
13682	White	NA
19108	White	1
15665	White	NA
2130	White	1
6855	White	NA
10585	White	NA
9102	White	1
18839	White	NA
3004	White	NA
14505	White	1
1495	White	NA
329	White	NA
6244	White	NA
6711	White	NA
10061	White	1
5801	White	NA
4891	White	1
11079	White	NA
2239	White	NA
52	White	1
17542	White	NA
20398	White	NA
17328	White	NA
3034	White	NA
4141	White	1
5251	White	NA
1727	White	NA
14914	White	NA
9609	White	NA
22449	White	1
20181	White	1
2961	White	NA
12580	White	NA
10419	White	NA
9672	White	NA
3318	White	NA
817	White	NA
18335	White	1
21260	White	1
1653	White	1
9857	White	1
11054	White	NA
13814	White	NA
5440	White	NA
17717	White	1
9161	White	NA
17356	White	1
15060	White	NA
10021	White	NA
5620	White	NA
17820	White	1
7277	White	1
15393	White	NA
11065	White	1
8370	White	NA
2391	White	1
3803	White	NA
18737	White	NA
8366	White	1
17279	White	NA
54	White	1
2416	White	NA
9038	White	1
22376	White	1
17247	White	1
1054	White	NA
15245	White	1
10370	White	1
20057	White	1
11320	White	1
18284	White	1
192	White	NA
2808	White	NA
6654	White	1
2307	White	1
17003	White	1
21696	White	NA
4468	White	NA
8492	White	1
14131	White	1
22098	White	1
13497	White	NA
11567	White	NA
12890	White	NA
20105	White	NA
1649	White	NA
11990	White	NA
22592	White	1
12551	White	NA
10054	White	NA
13310	White	1
18361	White	1
221	White	NA
14255	White	NA
207	White	NA
8571	White	NA
14438	White	NA
10397	White	NA
2570	White	1
3403	White	1
5779	White	1
9026	White	NA
11298	White	NA
21415	White	NA
20632	White	1
15505	White	NA
22274	White	NA
9494	White	NA
5624	White	NA
21474	White	1
18172	White	NA
22507	White	NA
1195	White	1
7733	White	1
17450	White	NA
12244	White	1
18585	White	NA
3796	White	NA
7556	White	1
19115	White	NA
6934	White	1
5933	White	NA
4510	White	NA
3156	White	NA
2376	White	NA
3689	White	1
4208	White	NA
4822	White	NA
20555	White	1
11549	White	1
20844	White	NA
13756	White	1
8726	White	NA
22130	White	1
2109	White	NA
13308	White	NA
16242	White	NA
2721	White	NA
6702	White	1
9853	White	1
12473	White	NA
15401	White	1
13857	White	1
21678	White	NA
18181	White	NA
14291	White	1
16651	White	NA
1723	White	1
15113	White	NA
5942	White	NA
19856	White	1
22078	White	1
14295	White	NA
15550	White	NA
1337	White	NA
19480	White	NA
3744	White	NA
18943	White	NA
14194	White	NA
9452	White	NA
15444	White	NA
18505	White	NA
14801	White	1
7368	White	1
14727	White	1
4768	White	NA
10378	White	NA
18742	White	NA
18954	White	1
21783	White	NA
15477	White	1
19085	White	1
13630	White	NA
5652	White	NA
9146	White	NA
2772	White	1
2079	White	NA
2624	White	1
11500	White	1
11897	White	NA
21149	White	1
1245	White	1
12649	White	1
1717	White	NA
11494	White	NA
19768	White	1
13124	White	NA
12636	White	1
14373	White	1
5345	White	1
1437	White	1
18643	White	NA
14120	White	1
15855	White	NA
7291	White	1
14403	White	1
16607	White	1
2544	White	NA
12038	White	1
10312	White	NA
21430	White	NA
14180	White	NA
4395	White	1
12895	White	NA
13511	White	1
19974	White	NA
14498	White	NA
2515	White	1
6964	White	1
20167	White	NA
13549	White	1
15564	White	NA
10513	White	1
18897	White	NA
20680	White	1
14566	White	1
6598	White	NA
14528	White	1
11708	White	NA
11862	White	NA
20270	White	NA
22811	White	NA
11344	White	1
2679	White	NA
20851	White	1
1915	White	NA
10616	White	NA
4071	White	NA
5648	White	NA
15495	White	NA
11251	White	NA
19569	White	1
5938	White	NA
16175	White	1
11061	White	NA
8472	White	NA
5723	White	NA
366	White	NA
12591	White	NA
20352	White	1
4540	White	NA
2680	White	NA
6388	White	1
4783	White	1
14738	White	NA
20314	White	1
12812	White	NA
22445	White	NA
20172	White	1
20499	White	NA
8360	White	NA
9422	White	1
2975	White	1
6268	White	1
4668	White	NA
12505	White	1
3496	White	NA
16148	White	NA
13892	White	NA
10946	White	NA
3018	White	NA
15936	White	1
12788	White	NA
1311	White	1
6714	White	NA
18112	White	NA
4206	White	1
5357	White	1
2124	White	1
16883	White	NA
5486	White	1
10417	White	1
18894	White	NA
19656	White	1
21032	White	NA
12386	White	NA
5046	White	NA
22033	White	NA
6890	White	NA
460	White	1
14532	White	NA
18658	White	NA
16663	White	NA
7541	White	NA
10066	White	1
7344	White	1
4752	White	NA
22286	White	1
20748	White	NA
7214	White	NA
3429	White	1
6164	White	1
11125	White	NA
12350	White	NA
5526	White	1
21201	White	1
11819	White	1
6717	White	1
16441	White	1
12348	White	NA
700	White	1
6965	White	1
8919	White	1
8608	White	NA
22228	White	1
5002	White	NA
18272	White	1
6838	White	1
15198	White	1
20110	White	NA
3856	White	1
10092	White	1
1864	White	1
17235	White	1
22919	White	1
13513	White	NA
21929	White	1
21473	White	1
1318	White	NA
13825	White	NA
17841	White	1
14718	White	NA
18941	White	1
17098	White	NA
11075	White	1
7734	White	NA
8261	White	1
16595	White	NA
17465	White	NA
14848	White	NA
7629	White	NA
22937	White	NA
18117	White	1
4722	White	1
3872	White	1
9512	White	NA
3717	White	NA
22132	White	NA
22409	White	NA
589	White	NA
11183	White	1
17088	White	1
8278	White	1
16995	White	NA
4269	White	NA
827	White	NA
35	White	NA
9174	White	NA
22167	White	NA
14546	White	NA
16140	White	NA
7691	White	NA
20708	White	1
5949	White	1
6524	White	NA
162	White	NA
1163	White	1
1489	White	NA
2704	White	1
20996	White	1
6302	White	1
10830	White	1
1875	White	NA
779	White	NA
10317	White	1
127	White	NA
8170	White	NA
20225	White	NA
16675	White	NA
9970	White	1
22563	White	1
622	White	NA
14501	White	NA
1692	White	1
15570	White	NA
10561	White	1
13423	White	NA
20922	White	NA
210	White	NA
3691	White	1
3849	White	1
18026	White	1
14202	White	NA
5207	White	1
890	White	1
18928	White	1
3902	White	1
21685	White	1
15686	White	NA
4480	White	1
18910	White	NA
19692	White	1
21279	White	NA
9336	White	NA
11228	White	1
13640	White	1
5119	White	1
10232	White	NA
22244	White	NA
16716	White	1
22599	White	1
18174	White	NA
1829	White	1
1699	White	NA
16450	White	NA
13531	White	NA
1430	White	1
5192	White	1
613	White	1
7024	White	1
7107	White	1
19182	White	1
15972	White	NA
13691	White	1
14382	White	1
19074	White	1
15235	White	NA
381	White	1
1865	White	NA
10285	White	1
20564	White	1
6806	White	NA
188	White	NA
3705	White	1
8756	White	NA
22666	White	NA
1880	White	1
796	White	1
18805	White	NA
19094	White	NA
21528	White	1
468	White	1
7022	White	NA
680	White	1
7469	White	NA
11635	White	NA
3574	White	NA
9327	White	NA
2925	White	1
16055	White	NA
2656	White	1
19259	White	1
16415	White	1
14369	White	1
20010	White	1
16703	White	1
1332	White	1
20935	White	NA
3309	White	NA
3652	White	NA
3750	White	1
20463	White	NA
15525	White	1
13297	White	1
8116	White	1
5696	White	NA
6647	White	NA
5472	White	NA
21915	White	NA
19412	White	1
14032	White	NA
1675	White	1
13728	White	1
19895	White	NA
1187	White	NA
3223	White	NA
372	White	1
17991	White	NA
9229	White	NA
9300	White	NA
9365	White	NA
961	White	1
11192	White	NA
12910	White	1
6003	White	NA
3611	White	1
18399	White	1
16515	White	1
12682	White	1
4292	White	NA
11155	White	NA
7858	White	NA
18915	White	NA
11570	White	1
22248	White	1
7237	White	NA
2922	White	NA
14107	White	1
539	White	1
658	White	1
15726	White	1
8797	White	NA
9762	White	NA
11277	White	1
334	White	1
4534	White	NA
929	White	1
17396	White	NA
5166	White	1
5375	White	NA
18859	White	NA
20723	White	NA
12903	White	NA
3046	White	1
7	White	NA
8729	White	NA
22972	White	NA
3962	White	NA
12745	White	1
21785	White	1
5464	White	1
10356	White	1
3501	White	1
11109	White	1
12524	White	NA
13087	White	NA
14996	White	NA
16484	White	1
8792	White	NA
3761	White	1
15361	White	NA
8288	White	1
15504	White	1
647	White	1
15058	White	NA
5765	White	NA
6386	White	NA
9001	White	NA
241	White	NA
9801	White	1
5591	White	NA
15664	White	NA
11062	White	NA
12982	White	NA
19906	White	NA
21909	White	NA
22887	White	1
1519	White	NA
9486	White	1
15839	White	1
19920	White	1
3845	White	1
13639	White	NA
12431	White	1
12141	White	NA
10754	White	NA
21710	White	NA
974	White	NA
7783	White	NA
15885	White	NA
17993	White	1
17406	White	NA
13893	White	NA
14106	White	1
12881	White	NA
5191	White	1
18033	White	NA
15040	White	NA
21654	White	1
11616	White	NA
17351	White	1
16736	White	NA
11813	White	NA
16331	White	1
756	White	NA
22895	White	NA
6931	White	NA
14788	White	NA
14400	White	NA
21478	White	NA
3402	White	NA
3306	White	NA
490	White	1
2148	White	NA
18254	White	NA
102	White	NA
4527	White	NA
17547	White	NA
15309	White	NA
201	White	1
19658	White	1
9204	White	1
22662	White	NA
12109	White	NA
21182	White	1
12630	White	1
14072	White	NA
8005	White	NA
19784	White	NA
5477	White	1
19802	White	NA
7593	White	NA
6285	White	NA
10678	White	1
17885	White	1
2671	White	1
14700	White	NA
20550	White	1
14796	White	NA
11597	White	1
20131	White	1
421	White	1
2330	White	1
14985	White	NA
13003	White	1
6663	White	NA
1452	White	NA
22758	White	NA
1908	White	1
6330	White	1
512	White	1
